<server description="worklight">

       <featureManager>
	<feature>servlet-3.0</feature>
	<feature>jndi-1.0</feature>
	<feature>jdbc-4.0</feature>
	<feature>localConnector-1.0</feature>
<!--
        <feature>appSecurity-2.0</feature>
        <feature>ssl-1.0</feature>
        <feature>ldapRegistry-3.0</feature>
	<feature>jsp-2.2</feature>
-->
    </featureManager>

    <webContainer invokeFlushAfterService="false"/>
	<webContainer com.ibm.ws.webcontainer.suppressLoggingServiceRuntimeExcep="true"/>
	<webContainer deferServletLoad="false"/>

    <!-- non standard ports were used to avoid future collision with other WebSphere products. -->
    <httpEndpoint id="defaultHttpEndpoint"
                  host="*"
                  httpPort="10080"
                  httpsPort="10443" >
 	<tcpOptions soReuseAddr="true"/>

    </httpEndpoint>

<!--  change Worklight server side logging: 
      change consoleLogLevel to INFO to see Worklight JavaScript Logger API output
      (for example: in Worklight Adapters).
-->
    <logging consoleLogLevel="AUDIT" copySystemStreams="false"/>

    <!-- enable next element for Worklight Server traces. 
         change traceSpecification to enable fine grain printing to trace.log file. 
    <logging traceSpecification="com.worklight.*=debug=enabled"/>
    -->

</server>
